日付,初回ログ時刻,最終ログ時刻,ログ時間,端末エージェント名,所属グループ名
2026/04/01（水）,09:23,19:05,09:42,PC-001,新栄総合管理_営業部
2026/04/01（水）,09:07,19:27,10:20,PC-002,新栄総合管理_営業部
2026/04/01（水）,09:10,18:34,09:24,PC-003,新栄総合管理_営業部
2026/04/01（水）,09:00,20:16,11:16,PC-004,新栄総合管理_管理部
2026/04/01（水）,09:10,20:25,11:15,PC-005,新栄総合管理_管理部
2026/04/01（水）,09:17,19:23,10:06,PC-006,新栄総合管理_管理部
2026/04/01（水）,08:24,21:47,13:23,PC-007,新栄総合管理_システム課
2026/04/01（水）,09:23,22:56,13:33,PC-008,新栄総合管理_システム課
2026/04/01（水）,08:18,23:45,15:27,PC-009,新栄総合管理_システム課
2026/04/01（水）,09:29,20:35,11:06,PC-010,新栄不動産_賃貸部
2026/04/01（水）,09:14,18:17,09:03,PC-011,新栄不動産_賃貸部
2026/04/01（水）,08:19,20:42,12:23,PC-012,新栄不動産_賃貸部
2026/04/01（水）,09:26,20:43,11:17,PC-013,新栄不動産_売買部
2026/04/01（水）,08:25,18:22,09:57,PC-014,新栄不動産_売買部
2026/04/01（水）,08:11,18:23,10:12,PC-015,新栄不動産_売買部
2026/04/02（木）,09:15,18:41,09:26,PC-001,新栄総合管理_営業部
2026/04/02（木）,09:12,19:41,10:29,PC-002,新栄総合管理_営業部
2026/04/02（木）,08:25,19:34,11:09,PC-003,新栄総合管理_営業部
2026/04/02（木）,09:05,20:38,11:33,PC-004,新栄総合管理_管理部
2026/04/02（木）,09:10,19:05,09:55,PC-005,新栄総合管理_管理部
2026/04/02（木）,08:14,18:55,10:41,PC-006,新栄総合管理_管理部
2026/04/02（木）,09:03,20:59,11:56,PC-007,新栄総合管理_システム課
2026/04/02（木）,08:25,21:18,12:53,PC-008,新栄総合管理_システム課
2026/04/02（木）,09:28,23:45,14:17,PC-009,新栄総合管理_システム課
2026/04/02（木）,08:26,19:04,10:38,PC-010,新栄不動産_賃貸部
2026/04/02（木）,09:12,20:14,11:02,PC-011,新栄不動産_賃貸部
2026/04/02（木）,09:16,20:16,11:00,PC-012,新栄不動産_賃貸部
2026/04/02（木）,09:05,18:30,09:25,PC-013,新栄不動産_売買部
2026/04/02（木）,08:13,18:54,10:41,PC-014,新栄不動産_売買部
2026/04/02（木）,08:23,19:54,11:31,PC-015,新栄不動産_売買部
2026/04/03（金）,09:03,19:14,10:11,PC-001,新栄総合管理_営業部
2026/04/03（金）,08:28,20:22,11:54,PC-002,新栄総合管理_営業部
2026/04/03（金）,09:16,20:27,11:11,PC-003,新栄総合管理_営業部
2026/04/03（金）,08:16,19:56,11:40,PC-004,新栄総合管理_管理部
2026/04/03（金）,08:03,20:48,12:45,PC-005,新栄総合管理_管理部
2026/04/03（金）,08:07,18:48,10:41,PC-006,新栄総合管理_管理部
2026/04/03（金）,09:19,20:29,11:10,PC-007,新栄総合管理_システム課
2026/04/03（金）,09:15,23:10,13:55,PC-008,新栄総合管理_システム課
2026/04/03（金）,08:11,21:13,13:02,PC-009,新栄総合管理_システム課
2026/04/03（金）,09:12,18:15,09:03,PC-010,新栄不動産_賃貸部
2026/04/03（金）,09:29,19:04,09:35,PC-011,新栄不動産_賃貸部
2026/04/03（金）,09:11,20:37,11:26,PC-012,新栄不動産_賃貸部
2026/04/03（金）,08:14,18:47,10:33,PC-013,新栄不動産_売買部
2026/04/03（金）,09:19,18:15,08:56,PC-014,新栄不動産_売買部
2026/04/03（金）,08:21,18:37,10:16,PC-015,新栄不動産_売買部
2026/04/04（土）,09:03,18:39,09:36,PC-005,新栄総合管理_管理部
2026/04/04（土）,08:14,20:45,12:31,PC-015,新栄不動産_売買部
2026/04/05（日）,08:19,18:54,10:35,PC-004,新栄総合管理_管理部
2026/04/05（日）,08:13,22:28,14:15,PC-009,新栄総合管理_システム課
2026/04/05（日）,08:26,20:26,12:00,PC-014,新栄不動産_売買部
2026/04/06（月）,09:07,20:56,11:49,PC-001,新栄総合管理_営業部
2026/04/06（月）,09:03,20:29,11:26,PC-002,新栄総合管理_営業部
2026/04/06（月）,08:05,18:32,10:27,PC-003,新栄総合管理_営業部
2026/04/06（月）,09:15,19:24,10:09,PC-004,新栄総合管理_管理部
2026/04/06（月）,09:00,19:49,10:49,PC-005,新栄総合管理_管理部
2026/04/06（月）,08:23,19:44,11:21,PC-006,新栄総合管理_管理部
2026/04/06（月）,09:22,23:56,14:34,PC-007,新栄総合管理_システム課
2026/04/06（月）,09:28,20:42,11:14,PC-008,新栄総合管理_システム課
2026/04/06（月）,08:09,23:21,15:12,PC-009,新栄総合管理_システム課
2026/04/06（月）,08:29,18:58,10:29,PC-010,新栄不動産_賃貸部
2026/04/06（月）,09:05,20:40,11:35,PC-011,新栄不動産_賃貸部
2026/04/06（月）,09:09,20:11,11:02,PC-012,新栄不動産_賃貸部
2026/04/06（月）,09:05,18:04,08:59,PC-013,新栄不動産_売買部
2026/04/06（月）,09:22,20:56,11:34,PC-014,新栄不動産_売買部
2026/04/06（月）,09:07,20:52,11:45,PC-015,新栄不動産_売買部
2026/04/07（火）,09:18,19:17,09:59,PC-001,新栄総合管理_営業部
2026/04/07（火）,08:16,18:16,10:00,PC-002,新栄総合管理_営業部
2026/04/07（火）,09:16,19:39,10:23,PC-003,新栄総合管理_営業部
2026/04/07（火）,09:01,18:02,09:01,PC-004,新栄総合管理_管理部
2026/04/07（火）,08:12,20:34,12:22,PC-005,新栄総合管理_管理部
2026/04/07（火）,09:14,19:37,10:23,PC-006,新栄総合管理_管理部
2026/04/07（火）,08:19,21:11,12:52,PC-007,新栄総合管理_システム課
2026/04/07（火）,08:07,23:45,15:38,PC-008,新栄総合管理_システム課
2026/04/07（火）,08:04,21:01,12:57,PC-009,新栄総合管理_システム課
2026/04/07（火）,08:07,20:38,12:31,PC-010,新栄不動産_賃貸部
2026/04/07（火）,09:23,19:28,10:05,PC-011,新栄不動産_賃貸部
2026/04/07（火）,09:28,20:03,10:35,PC-012,新栄不動産_賃貸部
2026/04/07（火）,08:24,19:22,10:58,PC-013,新栄不動産_売買部
2026/04/07（火）,08:04,20:16,12:12,PC-014,新栄不動産_売買部
2026/04/07（火）,09:19,19:40,10:21,PC-015,新栄不動産_売買部
2026/04/08（水）,08:22,18:05,09:43,PC-001,新栄総合管理_営業部
2026/04/08（水）,08:11,19:49,11:38,PC-002,新栄総合管理_営業部
2026/04/08（水）,09:15,20:08,10:53,PC-003,新栄総合管理_営業部
2026/04/08（水）,09:18,19:02,09:44,PC-004,新栄総合管理_管理部
2026/04/08（水）,08:04,18:00,09:56,PC-005,新栄総合管理_管理部
2026/04/08（水）,08:16,19:33,11:17,PC-006,新栄総合管理_管理部
2026/04/08（水）,08:15,23:35,15:20,PC-007,新栄総合管理_システム課
2026/04/08（水）,08:21,22:59,14:38,PC-008,新栄総合管理_システム課
2026/04/08（水）,08:10,22:12,14:02,PC-009,新栄総合管理_システム課
2026/04/08（水）,08:18,18:39,10:21,PC-010,新栄不動産_賃貸部
2026/04/08（水）,08:24,18:05,09:41,PC-011,新栄不動産_賃貸部
2026/04/08（水）,08:17,18:26,10:09,PC-012,新栄不動産_賃貸部
2026/04/08（水）,09:14,19:12,09:58,PC-013,新栄不動産_売買部
2026/04/08（水）,08:00,18:22,10:22,PC-014,新栄不動産_売買部
2026/04/08（水）,09:12,20:09,10:57,PC-015,新栄不動産_売買部
2026/04/09（木）,08:03,20:12,12:09,PC-001,新栄総合管理_営業部
2026/04/09（木）,09:29,18:43,09:14,PC-002,新栄総合管理_営業部
2026/04/09（木）,09:27,18:47,09:20,PC-003,新栄総合管理_営業部
2026/04/09（木）,08:24,19:17,10:53,PC-004,新栄総合管理_管理部
2026/04/09（木）,09:21,18:41,09:20,PC-005,新栄総合管理_管理部
2026/04/09（木）,08:27,20:59,12:32,PC-006,新栄総合管理_管理部
2026/04/09（木）,08:25,21:12,12:47,PC-007,新栄総合管理_システム課
2026/04/09（木）,08:22,20:43,12:21,PC-008,新栄総合管理_システム課
2026/04/09（木）,09:00,20:41,11:41,PC-009,新栄総合管理_システム課
2026/04/09（木）,09:23,18:40,09:17,PC-010,新栄不動産_賃貸部
2026/04/09（木）,09:06,19:47,10:41,PC-011,新栄不動産_賃貸部
2026/04/09（木）,09:13,19:31,10:18,PC-012,新栄不動産_賃貸部
2026/04/09（木）,09:27,18:07,08:40,PC-013,新栄不動産_売買部
2026/04/09（木）,08:09,20:14,12:05,PC-014,新栄不動産_売買部
2026/04/09（木）,09:15,19:02,09:47,PC-015,新栄不動産_売買部
2026/04/10（金）,09:11,20:22,11:11,PC-001,新栄総合管理_営業部
2026/04/10（金）,09:04,20:51,11:47,PC-002,新栄総合管理_営業部
2026/04/10（金）,09:04,19:32,10:28,PC-003,新栄総合管理_営業部
2026/04/10（金）,09:03,18:27,09:24,PC-004,新栄総合管理_管理部
2026/04/10（金）,08:12,19:01,10:49,PC-005,新栄総合管理_管理部
2026/04/10（金）,09:01,18:09,09:08,PC-006,新栄総合管理_管理部
2026/04/10（金）,09:15,21:08,11:53,PC-007,新栄総合管理_システム課
2026/04/10（金）,08:10,20:18,12:08,PC-008,新栄総合管理_システム課
2026/04/10（金）,08:28,21:01,12:33,PC-009,新栄総合管理_システム課
2026/04/10（金）,09:12,19:42,10:30,PC-010,新栄不動産_賃貸部
2026/04/10（金）,08:04,18:57,10:53,PC-011,新栄不動産_賃貸部
2026/04/10（金）,08:04,18:04,10:00,PC-012,新栄不動産_賃貸部
2026/04/10（金）,09:18,19:52,10:34,PC-013,新栄不動産_売買部
2026/04/10（金）,09:02,18:03,09:01,PC-014,新栄不動産_売買部
2026/04/10（金）,08:28,20:56,12:28,PC-015,新栄不動産_売買部
2026/04/11（土）,09:10,20:00,10:50,PC-003,新栄総合管理_営業部
2026/04/12（日）,08:18,18:52,10:34,PC-004,新栄総合管理_管理部
2026/04/12（日）,08:29,18:54,10:25,PC-006,新栄総合管理_管理部
2026/04/12（日）,08:26,18:15,09:49,PC-010,新栄不動産_賃貸部
2026/04/12（日）,09:24,18:51,09:27,PC-012,新栄不動産_賃貸部
2026/04/13（月）,09:29,19:57,10:28,PC-001,新栄総合管理_営業部
2026/04/13（月）,09:06,18:44,09:38,PC-002,新栄総合管理_営業部
2026/04/13（月）,09:25,18:35,09:10,PC-003,新栄総合管理_営業部
2026/04/13（月）,09:07,19:17,10:10,PC-004,新栄総合管理_管理部
2026/04/13（月）,09:25,18:34,09:09,PC-005,新栄総合管理_管理部
2026/04/13（月）,09:21,18:43,09:22,PC-006,新栄総合管理_管理部
2026/04/13（月）,09:01,20:54,11:53,PC-007,新栄総合管理_システム課
2026/04/13（月）,09:21,21:16,11:55,PC-008,新栄総合管理_システム課
2026/04/13（月）,08:19,23:05,14:46,PC-009,新栄総合管理_システム課
2026/04/13（月）,08:08,20:13,12:05,PC-010,新栄不動産_賃貸部
2026/04/13（月）,08:04,20:05,12:01,PC-011,新栄不動産_賃貸部
2026/04/13（月）,08:23,18:18,09:55,PC-012,新栄不動産_賃貸部
2026/04/13（月）,08:07,19:04,10:57,PC-013,新栄不動産_売買部
2026/04/13（月）,09:09,19:36,10:27,PC-014,新栄不動産_売買部
2026/04/13（月）,08:17,19:51,11:34,PC-015,新栄不動産_売買部
2026/04/14（火）,08:15,19:44,11:29,PC-001,新栄総合管理_営業部
2026/04/14（火）,08:21,19:09,10:48,PC-002,新栄総合管理_営業部
2026/04/14（火）,09:18,19:47,10:29,PC-003,新栄総合管理_営業部
2026/04/14（火）,08:11,18:32,10:21,PC-004,新栄総合管理_管理部
2026/04/14（火）,08:14,20:23,12:09,PC-005,新栄総合管理_管理部
2026/04/14（火）,09:05,18:52,09:47,PC-006,新栄総合管理_管理部
2026/04/14（火）,08:28,22:54,14:26,PC-007,新栄総合管理_システム課
2026/04/14（火）,09:01,22:36,13:35,PC-008,新栄総合管理_システム課
2026/04/14（火）,09:09,20:18,11:09,PC-009,新栄総合管理_システム課
2026/04/14（火）,09:00,19:19,10:19,PC-010,新栄不動産_賃貸部
2026/04/14（火）,09:04,18:50,09:46,PC-011,新栄不動産_賃貸部
2026/04/14（火）,09:09,19:52,10:43,PC-012,新栄不動産_賃貸部
2026/04/14（火）,08:21,20:03,11:42,PC-013,新栄不動産_売買部
2026/04/14（火）,08:09,20:12,12:03,PC-014,新栄不動産_売買部
2026/04/14（火）,09:20,19:32,10:12,PC-015,新栄不動産_売買部
2026/04/15（水）,09:00,20:06,11:06,PC-001,新栄総合管理_営業部
2026/04/15（水）,09:05,19:12,10:07,PC-002,新栄総合管理_営業部
2026/04/15（水）,08:14,20:32,12:18,PC-003,新栄総合管理_営業部
2026/04/15（水）,09:28,19:17,09:49,PC-004,新栄総合管理_管理部
2026/04/15（水）,09:15,19:28,10:13,PC-005,新栄総合管理_管理部
2026/04/15（水）,08:12,18:19,10:07,PC-006,新栄総合管理_管理部
2026/04/15（水）,09:04,21:47,12:43,PC-007,新栄総合管理_システム課
2026/04/15（水）,09:15,22:30,13:15,PC-008,新栄総合管理_システム課
2026/04/15（水）,08:04,21:51,13:47,PC-009,新栄総合管理_システム課
2026/04/15（水）,08:09,19:35,11:26,PC-010,新栄不動産_賃貸部
2026/04/15（水）,09:16,18:36,09:20,PC-011,新栄不動産_賃貸部
2026/04/15（水）,08:06,20:58,12:52,PC-012,新栄不動産_賃貸部
2026/04/15（水）,08:15,20:34,12:19,PC-013,新栄不動産_売買部
2026/04/15（水）,08:05,20:05,12:00,PC-014,新栄不動産_売買部
2026/04/15（水）,08:24,19:37,11:13,PC-015,新栄不動産_売買部
2026/04/16（木）,08:08,20:29,12:21,PC-001,新栄総合管理_営業部
2026/04/16（木）,09:29,18:04,08:35,PC-002,新栄総合管理_営業部
2026/04/16（木）,09:16,20:51,11:35,PC-003,新栄総合管理_営業部
2026/04/16（木）,09:21,20:20,10:59,PC-004,新栄総合管理_管理部
2026/04/16（木）,09:07,20:57,11:50,PC-005,新栄総合管理_管理部
2026/04/16（木）,09:24,18:55,09:31,PC-006,新栄総合管理_管理部
2026/04/16（木）,09:07,23:33,14:26,PC-007,新栄総合管理_システム課
2026/04/16（木）,09:16,23:20,14:04,PC-008,新栄総合管理_システム課
2026/04/16（木）,09:06,23:47,14:41,PC-009,新栄総合管理_システム課
2026/04/16（木）,09:06,20:11,11:05,PC-010,新栄不動産_賃貸部
2026/04/16（木）,08:13,19:17,11:04,PC-011,新栄不動産_賃貸部
2026/04/16（木）,08:15,18:44,10:29,PC-012,新栄不動産_賃貸部
2026/04/16（木）,09:25,18:30,09:05,PC-013,新栄不動産_売買部
2026/04/16（木）,09:03,18:41,09:38,PC-014,新栄不動産_売買部
2026/04/16（木）,09:25,20:05,10:40,PC-015,新栄不動産_売買部
2026/04/17（金）,08:00,19:10,11:10,PC-001,新栄総合管理_営業部
2026/04/17（金）,09:03,19:28,10:25,PC-002,新栄総合管理_営業部
2026/04/17（金）,08:03,20:19,12:16,PC-003,新栄総合管理_営業部
2026/04/17（金）,08:11,18:11,10:00,PC-004,新栄総合管理_管理部
2026/04/17（金）,09:19,19:58,10:39,PC-005,新栄総合管理_管理部
2026/04/17（金）,09:07,19:09,10:02,PC-006,新栄総合管理_管理部
2026/04/17（金）,08:21,21:37,13:16,PC-007,新栄総合管理_システム課
2026/04/17（金）,08:09,23:49,15:40,PC-008,新栄総合管理_システム課
2026/04/17（金）,08:18,20:20,12:02,PC-009,新栄総合管理_システム課
2026/04/17（金）,08:22,20:02,11:40,PC-010,新栄不動産_賃貸部
2026/04/17（金）,09:24,18:04,08:40,PC-011,新栄不動産_賃貸部
2026/04/17（金）,08:26,19:59,11:33,PC-012,新栄不動産_賃貸部
2026/04/17（金）,09:11,19:29,10:18,PC-013,新栄不動産_売買部
2026/04/17（金）,08:14,20:51,12:37,PC-014,新栄不動産_売買部
2026/04/17（金）,09:07,19:16,10:09,PC-015,新栄不動産_売買部
2026/04/18（土）,08:20,18:43,10:23,PC-012,新栄不動産_賃貸部
2026/04/20（月）,09:08,18:33,09:25,PC-001,新栄総合管理_営業部
2026/04/20（月）,08:02,20:45,12:43,PC-002,新栄総合管理_営業部
2026/04/20（月）,09:05,19:57,10:52,PC-003,新栄総合管理_営業部
2026/04/20（月）,08:18,18:58,10:40,PC-004,新栄総合管理_管理部
2026/04/20（月）,09:15,18:16,09:01,PC-005,新栄総合管理_管理部
2026/04/20（月）,09:26,20:32,11:06,PC-006,新栄総合管理_管理部
2026/04/20（月）,09:15,23:01,13:46,PC-007,新栄総合管理_システム課
2026/04/20（月）,09:09,23:04,13:55,PC-008,新栄総合管理_システム課
2026/04/20（月）,09:14,22:26,13:12,PC-009,新栄総合管理_システム課
2026/04/20（月）,09:17,19:09,09:52,PC-010,新栄不動産_賃貸部
2026/04/20（月）,09:19,19:18,09:59,PC-011,新栄不動産_賃貸部
2026/04/20（月）,08:17,20:08,11:51,PC-012,新栄不動産_賃貸部
2026/04/20（月）,08:16,20:10,11:54,PC-013,新栄不動産_売買部
2026/04/20（月）,09:21,20:03,10:42,PC-014,新栄不動産_売買部
2026/04/20（月）,08:02,20:36,12:34,PC-015,新栄不動産_売買部
2026/04/21（火）,08:15,18:15,10:00,PC-001,新栄総合管理_営業部
2026/04/21（火）,08:24,19:21,10:57,PC-002,新栄総合管理_営業部
2026/04/21（火）,08:24,18:21,09:57,PC-003,新栄総合管理_営業部
2026/04/21（火）,08:11,19:22,11:11,PC-004,新栄総合管理_管理部
2026/04/21（火）,09:24,18:48,09:24,PC-005,新栄総合管理_管理部
2026/04/21（火）,08:23,20:55,12:32,PC-006,新栄総合管理_管理部
2026/04/21（火）,09:02,22:47,13:45,PC-007,新栄総合管理_システム課
2026/04/21（火）,09:17,23:32,14:15,PC-008,新栄総合管理_システム課
2026/04/21（火）,09:27,20:05,10:38,PC-009,新栄総合管理_システム課
2026/04/21（火）,09:14,20:33,11:19,PC-010,新栄不動産_賃貸部
2026/04/21（火）,08:17,18:33,10:16,PC-011,新栄不動産_賃貸部
2026/04/21（火）,08:03,18:25,10:22,PC-012,新栄不動産_賃貸部
2026/04/21（火）,08:14,18:07,09:53,PC-013,新栄不動産_売買部
2026/04/21（火）,09:08,20:15,11:07,PC-014,新栄不動産_売買部
2026/04/21（火）,09:03,18:52,09:49,PC-015,新栄不動産_売買部
2026/04/22（水）,09:16,19:49,10:33,PC-001,新栄総合管理_営業部
2026/04/22（水）,08:24,18:47,10:23,PC-002,新栄総合管理_営業部
2026/04/22（水）,08:05,18:59,10:54,PC-003,新栄総合管理_営業部
2026/04/22（水）,09:03,20:36,11:33,PC-004,新栄総合管理_管理部
2026/04/22（水）,08:25,18:45,10:20,PC-005,新栄総合管理_管理部
2026/04/22（水）,09:18,19:43,10:25,PC-006,新栄総合管理_管理部
2026/04/22（水）,08:16,21:47,13:31,PC-007,新栄総合管理_システム課
2026/04/22（水）,08:24,22:36,14:12,PC-008,新栄総合管理_システム課
2026/04/22（水）,08:03,21:45,13:42,PC-009,新栄総合管理_システム課
2026/04/22（水）,09:17,18:24,09:07,PC-010,新栄不動産_賃貸部
2026/04/22（水）,09:06,19:46,10:40,PC-011,新栄不動産_賃貸部
2026/04/22（水）,08:27,19:29,11:02,PC-012,新栄不動産_賃貸部
2026/04/22（水）,08:18,20:59,12:41,PC-013,新栄不動産_売買部
2026/04/22（水）,09:27,20:36,11:09,PC-014,新栄不動産_売買部
2026/04/22（水）,09:21,18:10,08:49,PC-015,新栄不動産_売買部
2026/04/23（木）,09:15,19:23,10:08,PC-001,新栄総合管理_営業部
2026/04/23（木）,08:21,20:17,11:56,PC-002,新栄総合管理_営業部
2026/04/23（木）,09:22,19:41,10:19,PC-003,新栄総合管理_営業部
2026/04/23（木）,09:09,18:39,09:30,PC-004,新栄総合管理_管理部
2026/04/23（木）,08:18,19:37,11:19,PC-005,新栄総合管理_管理部
2026/04/23（木）,08:00,20:37,12:37,PC-006,新栄総合管理_管理部
2026/04/23（木）,09:17,21:58,12:41,PC-007,新栄総合管理_システム課
2026/04/23（木）,09:17,20:40,11:23,PC-008,新栄総合管理_システム課
2026/04/23（木）,08:10,21:19,13:09,PC-009,新栄総合管理_システム課
2026/04/23（木）,08:05,19:00,10:55,PC-010,新栄不動産_賃貸部
2026/04/23（木）,09:23,18:46,09:23,PC-011,新栄不動産_賃貸部
2026/04/23（木）,09:00,20:32,11:32,PC-012,新栄不動産_賃貸部
2026/04/23（木）,09:20,20:18,10:58,PC-013,新栄不動産_売買部
2026/04/23（木）,09:21,19:04,09:43,PC-014,新栄不動産_売買部
2026/04/23（木）,08:12,19:03,10:51,PC-015,新栄不動産_売買部
2026/04/24（金）,08:08,18:37,10:29,PC-001,新栄総合管理_営業部
2026/04/24（金）,08:04,18:44,10:40,PC-002,新栄総合管理_営業部
2026/04/24（金）,08:18,19:59,11:41,PC-003,新栄総合管理_営業部
2026/04/24（金）,09:12,18:13,09:01,PC-004,新栄総合管理_管理部
2026/04/24（金）,08:03,18:16,10:13,PC-005,新栄総合管理_管理部
2026/04/24（金）,09:01,18:05,09:04,PC-006,新栄総合管理_管理部
2026/04/24（金）,09:04,21:53,12:49,PC-007,新栄総合管理_システム課
2026/04/24（金）,09:11,22:25,13:14,PC-008,新栄総合管理_システム課
2026/04/24（金）,09:06,21:25,12:19,PC-009,新栄総合管理_システム課
2026/04/24（金）,09:06,18:14,09:08,PC-010,新栄不動産_賃貸部
2026/04/24（金）,09:28,18:04,08:36,PC-011,新栄不動産_賃貸部
2026/04/24（金）,09:25,18:41,09:16,PC-012,新栄不動産_賃貸部
2026/04/24（金）,09:21,18:56,09:35,PC-013,新栄不動産_売買部
2026/04/24（金）,09:19,19:26,10:07,PC-014,新栄不動産_売買部
2026/04/24（金）,08:11,19:20,11:09,PC-015,新栄不動産_売買部
2026/04/25（土）,08:26,20:49,12:23,PC-006,新栄総合管理_管理部
2026/04/25（土）,09:17,20:28,11:11,PC-008,新栄総合管理_システム課
2026/04/25（土）,09:01,18:10,09:09,PC-014,新栄不動産_売買部
2026/04/26（日）,08:23,19:30,11:07,PC-004,新栄総合管理_管理部
2026/04/26（日）,09:20,19:54,10:34,PC-005,新栄総合管理_管理部
2026/04/26（日）,08:29,19:33,11:04,PC-011,新栄不動産_賃貸部
2026/04/27（月）,09:06,19:30,10:24,PC-001,新栄総合管理_営業部
2026/04/27（月）,08:03,20:23,12:20,PC-002,新栄総合管理_営業部
2026/04/27（月）,09:13,20:21,11:08,PC-003,新栄総合管理_営業部
2026/04/27（月）,08:29,19:55,11:26,PC-004,新栄総合管理_管理部
2026/04/27（月）,08:16,18:40,10:24,PC-005,新栄総合管理_管理部
2026/04/27（月）,08:23,19:30,11:07,PC-006,新栄総合管理_管理部
2026/04/27（月）,09:19,21:45,12:26,PC-007,新栄総合管理_システム課
2026/04/27（月）,09:12,20:23,11:11,PC-008,新栄総合管理_システム課
2026/04/27（月）,08:22,23:27,15:05,PC-009,新栄総合管理_システム課
2026/04/27（月）,08:27,19:41,11:14,PC-010,新栄不動産_賃貸部
2026/04/27（月）,09:17,18:59,09:42,PC-011,新栄不動産_賃貸部
2026/04/27（月）,09:08,19:44,10:36,PC-012,新栄不動産_賃貸部
2026/04/27（月）,09:14,20:36,11:22,PC-013,新栄不動産_売買部
2026/04/27（月）,09:06,19:35,10:29,PC-014,新栄不動産_売買部
2026/04/27（月）,08:18,18:55,10:37,PC-015,新栄不動産_売買部
2026/04/28（火）,08:23,19:25,11:02,PC-001,新栄総合管理_営業部
2026/04/28（火）,08:18,20:44,12:26,PC-002,新栄総合管理_営業部
2026/04/28（火）,08:12,18:50,10:38,PC-003,新栄総合管理_営業部
2026/04/28（火）,09:19,18:49,09:30,PC-004,新栄総合管理_管理部
2026/04/28（火）,09:25,18:31,09:06,PC-005,新栄総合管理_管理部
2026/04/28（火）,09:01,20:38,11:37,PC-006,新栄総合管理_管理部
2026/04/28（火）,09:03,23:12,14:09,PC-007,新栄総合管理_システム課
2026/04/28（火）,08:09,21:06,12:57,PC-008,新栄総合管理_システム課
2026/04/28（火）,08:20,22:53,14:33,PC-009,新栄総合管理_システム課
2026/04/28（火）,08:28,20:51,12:23,PC-010,新栄不動産_賃貸部
2026/04/28（火）,09:03,20:38,11:35,PC-011,新栄不動産_賃貸部
2026/04/28（火）,08:13,18:15,10:02,PC-012,新栄不動産_賃貸部
2026/04/28（火）,08:16,18:03,09:47,PC-013,新栄不動産_売買部
2026/04/28（火）,08:14,19:03,10:49,PC-014,新栄不動産_売買部
2026/04/28（火）,09:21,18:06,08:45,PC-015,新栄不動産_売買部
2026/04/29（水）,09:00,18:38,09:38,PC-001,新栄総合管理_営業部
2026/04/29（水）,08:27,20:49,12:22,PC-002,新栄総合管理_営業部
2026/04/29（水）,08:06,20:33,12:27,PC-003,新栄総合管理_営業部
2026/04/29（水）,08:00,19:02,11:02,PC-004,新栄総合管理_管理部
2026/04/29（水）,08:13,19:05,10:52,PC-005,新栄総合管理_管理部
2026/04/29（水）,08:27,20:28,12:01,PC-006,新栄総合管理_管理部
2026/04/29（水）,09:23,20:38,11:15,PC-007,新栄総合管理_システム課
2026/04/29（水）,08:18,23:11,14:53,PC-008,新栄総合管理_システム課
2026/04/29（水）,08:25,23:43,15:18,PC-009,新栄総合管理_システム課
2026/04/29（水）,08:05,18:41,10:36,PC-010,新栄不動産_賃貸部
2026/04/29（水）,08:20,20:18,11:58,PC-011,新栄不動産_賃貸部
2026/04/29（水）,08:13,18:36,10:23,PC-012,新栄不動産_賃貸部
2026/04/29（水）,09:19,18:00,08:41,PC-013,新栄不動産_売買部
2026/04/29（水）,09:14,20:06,10:52,PC-014,新栄不動産_売買部
2026/04/29（水）,09:13,20:12,10:59,PC-015,新栄不動産_売買部
2026/04/30（木）,09:24,20:29,11:05,PC-001,新栄総合管理_営業部
2026/04/30（木）,09:04,20:08,11:04,PC-002,新栄総合管理_営業部
2026/04/30（木）,09:24,18:01,08:37,PC-003,新栄総合管理_営業部
2026/04/30（木）,08:05,20:44,12:39,PC-004,新栄総合管理_管理部
2026/04/30（木）,09:18,20:12,10:54,PC-005,新栄総合管理_管理部
2026/04/30（木）,08:14,19:38,11:24,PC-006,新栄総合管理_管理部
2026/04/30（木）,08:13,21:33,13:20,PC-007,新栄総合管理_システム課
2026/04/30（木）,09:26,23:47,14:21,PC-008,新栄総合管理_システム課
2026/04/30（木）,09:26,20:08,10:42,PC-009,新栄総合管理_システム課
2026/04/30（木）,08:18,19:29,11:11,PC-010,新栄不動産_賃貸部
2026/04/30（木）,08:08,18:21,10:13,PC-011,新栄不動産_賃貸部
2026/04/30（木）,08:12,20:17,12:05,PC-012,新栄不動産_賃貸部
2026/04/30（木）,08:08,19:33,11:25,PC-013,新栄不動産_売買部
2026/04/30（木）,09:23,20:16,10:53,PC-014,新栄不動産_売買部
2026/04/30（木）,08:02,20:01,11:59,PC-015,新栄不動産_売買部
2026/05/01（金）,09:13,20:18,11:05,PC-001,新栄総合管理_営業部
2026/05/01（金）,09:26,19:40,10:14,PC-002,新栄総合管理_営業部
2026/05/01（金）,09:01,20:33,11:32,PC-003,新栄総合管理_営業部
2026/05/01（金）,09:24,18:29,09:05,PC-004,新栄総合管理_管理部
2026/05/01（金）,09:01,18:40,09:39,PC-005,新栄総合管理_管理部
2026/05/01（金）,09:01,20:01,11:00,PC-006,新栄総合管理_管理部
2026/05/01（金）,08:02,23:56,15:54,PC-007,新栄総合管理_システム課
2026/05/01（金）,09:19,20:31,11:12,PC-008,新栄総合管理_システム課
2026/05/01（金）,09:29,22:07,12:38,PC-009,新栄総合管理_システム課
2026/05/01（金）,09:18,19:53,10:35,PC-010,新栄不動産_賃貸部
2026/05/01（金）,08:14,19:27,11:13,PC-011,新栄不動産_賃貸部
2026/05/01（金）,08:10,19:37,11:27,PC-012,新栄不動産_賃貸部
2026/05/01（金）,08:26,20:59,12:33,PC-013,新栄不動産_売買部
2026/05/01（金）,08:13,19:04,10:51,PC-014,新栄不動産_売買部
2026/05/01（金）,09:14,18:29,09:15,PC-015,新栄不動産_売買部
2026/05/02（土）,08:11,18:13,10:02,PC-002,新栄総合管理_営業部
2026/05/02（土）,09:06,22:31,13:25,PC-008,新栄総合管理_システム課
2026/05/02（土）,08:16,20:16,12:00,PC-014,新栄不動産_売買部
2026/05/03（日）,09:19,22:29,13:10,PC-008,新栄総合管理_システム課
2026/05/03（日）,09:15,22:11,12:56,PC-009,新栄総合管理_システム課
2026/05/03（日）,09:17,18:08,08:51,PC-012,新栄不動産_賃貸部
2026/05/03（日）,08:03,18:06,10:03,PC-014,新栄不動産_売買部
2026/05/03（日）,09:25,20:20,10:55,PC-015,新栄不動産_売買部
2026/05/04（月）,09:26,20:37,11:11,PC-001,新栄総合管理_営業部
2026/05/04（月）,08:13,19:18,11:05,PC-002,新栄総合管理_営業部
2026/05/04（月）,08:01,20:17,12:16,PC-003,新栄総合管理_営業部
2026/05/04（月）,08:22,19:27,11:05,PC-004,新栄総合管理_管理部
2026/05/04（月）,09:05,19:14,10:09,PC-005,新栄総合管理_管理部
2026/05/04（月）,08:20,18:30,10:10,PC-006,新栄総合管理_管理部
2026/05/04（月）,09:00,21:18,12:18,PC-007,新栄総合管理_システム課
2026/05/04（月）,08:07,22:33,14:26,PC-008,新栄総合管理_システム課
2026/05/04（月）,08:19,20:13,11:54,PC-009,新栄総合管理_システム課
2026/05/04（月）,09:08,20:07,10:59,PC-010,新栄不動産_賃貸部
2026/05/04（月）,09:02,18:01,08:59,PC-011,新栄不動産_賃貸部
2026/05/04（月）,09:23,18:56,09:33,PC-012,新栄不動産_賃貸部
2026/05/04（月）,09:16,18:40,09:24,PC-013,新栄不動産_売買部
2026/05/04（月）,09:27,18:30,09:03,PC-014,新栄不動産_売買部
2026/05/04（月）,09:17,19:02,09:45,PC-015,新栄不動産_売買部
2026/05/05（火）,08:24,20:04,11:40,PC-001,新栄総合管理_営業部
2026/05/05（火）,09:17,19:55,10:38,PC-002,新栄総合管理_営業部
2026/05/05（火）,09:18,20:53,11:35,PC-003,新栄総合管理_営業部
2026/05/05（火）,09:18,18:10,08:52,PC-004,新栄総合管理_管理部
2026/05/05（火）,08:28,19:57,11:29,PC-005,新栄総合管理_管理部
2026/05/05（火）,08:04,20:24,12:20,PC-006,新栄総合管理_管理部
2026/05/05（火）,08:28,21:07,12:39,PC-007,新栄総合管理_システム課
2026/05/05（火）,09:14,23:19,14:05,PC-008,新栄総合管理_システム課
2026/05/05（火）,09:21,23:35,14:14,PC-009,新栄総合管理_システム課
2026/05/05（火）,09:02,18:58,09:56,PC-010,新栄不動産_賃貸部
2026/05/05（火）,09:24,18:50,09:26,PC-011,新栄不動産_賃貸部
2026/05/05（火）,08:07,20:58,12:51,PC-012,新栄不動産_賃貸部
2026/05/05（火）,08:21,18:28,10:07,PC-013,新栄不動産_売買部
2026/05/05（火）,08:13,19:20,11:07,PC-014,新栄不動産_売買部
2026/05/05（火）,08:27,19:35,11:08,PC-015,新栄不動産_売買部
2026/05/06（水）,08:22,20:36,12:14,PC-001,新栄総合管理_営業部
2026/05/06（水）,09:19,20:56,11:37,PC-002,新栄総合管理_営業部
2026/05/06（水）,08:10,19:36,11:26,PC-003,新栄総合管理_営業部
2026/05/06（水）,09:00,20:55,11:55,PC-004,新栄総合管理_管理部
2026/05/06（水）,08:06,19:48,11:42,PC-005,新栄総合管理_管理部
2026/05/06（水）,08:20,19:26,11:06,PC-006,新栄総合管理_管理部
2026/05/06（水）,08:17,23:49,15:32,PC-007,新栄総合管理_システム課
2026/05/06（水）,09:19,22:00,12:41,PC-008,新栄総合管理_システム課
2026/05/06（水）,09:14,22:05,12:51,PC-009,新栄総合管理_システム課
2026/05/06（水）,08:29,19:55,11:26,PC-010,新栄不動産_賃貸部
2026/05/06（水）,08:16,20:59,12:43,PC-011,新栄不動産_賃貸部
2026/05/06（水）,09:01,20:40,11:39,PC-012,新栄不動産_賃貸部
2026/05/06（水）,08:14,19:07,10:53,PC-013,新栄不動産_売買部
2026/05/06（水）,08:18,19:50,11:32,PC-014,新栄不動産_売買部
2026/05/06（水）,08:01,18:57,10:56,PC-015,新栄不動産_売買部
2026/05/07（木）,09:05,20:11,11:06,PC-001,新栄総合管理_営業部
2026/05/07（木）,09:04,18:06,09:02,PC-002,新栄総合管理_営業部
2026/05/07（木）,08:27,19:12,10:45,PC-003,新栄総合管理_営業部
2026/05/07（木）,09:15,19:44,10:29,PC-004,新栄総合管理_管理部
2026/05/07（木）,08:18,20:38,12:20,PC-005,新栄総合管理_管理部
2026/05/07（木）,09:16,18:22,09:06,PC-006,新栄総合管理_管理部
2026/05/07（木）,08:08,23:08,15:00,PC-007,新栄総合管理_システム課
2026/05/07（木）,09:16,20:58,11:42,PC-008,新栄総合管理_システム課
2026/05/07（木）,08:00,20:28,12:28,PC-009,新栄総合管理_システム課
2026/05/07（木）,09:06,20:03,10:57,PC-010,新栄不動産_賃貸部
2026/05/07（木）,08:06,18:08,10:02,PC-011,新栄不動産_賃貸部
2026/05/07（木）,09:16,20:55,11:39,PC-012,新栄不動産_賃貸部
2026/05/07（木）,08:27,18:54,10:27,PC-013,新栄不動産_売買部
2026/05/07（木）,09:15,18:29,09:14,PC-014,新栄不動産_売買部
2026/05/07（木）,08:02,20:09,12:07,PC-015,新栄不動産_売買部
2026/05/08（金）,08:27,18:40,10:13,PC-001,新栄総合管理_営業部
2026/05/08（金）,08:16,19:04,10:48,PC-002,新栄総合管理_営業部
2026/05/08（金）,09:22,19:58,10:36,PC-003,新栄総合管理_営業部
2026/05/08（金）,08:10,20:38,12:28,PC-004,新栄総合管理_管理部
2026/05/08（金）,08:01,18:56,10:55,PC-005,新栄総合管理_管理部
2026/05/08（金）,08:27,20:59,12:32,PC-006,新栄総合管理_管理部
2026/05/08（金）,09:24,23:31,14:07,PC-007,新栄総合管理_システム課
2026/05/08（金）,08:11,23:08,14:57,PC-008,新栄総合管理_システム課
2026/05/08（金）,08:00,23:05,15:05,PC-009,新栄総合管理_システム課
2026/05/08（金）,08:19,20:55,12:36,PC-010,新栄不動産_賃貸部
2026/05/08（金）,09:11,20:50,11:39,PC-011,新栄不動産_賃貸部
2026/05/08（金）,08:10,19:06,10:56,PC-012,新栄不動産_賃貸部
2026/05/08（金）,08:02,19:48,11:46,PC-013,新栄不動産_売買部
2026/05/08（金）,09:18,20:33,11:15,PC-014,新栄不動産_売買部
2026/05/08（金）,08:21,18:29,10:08,PC-015,新栄不動産_売買部
2026/05/09（土）,09:00,18:02,09:02,PC-012,新栄不動産_賃貸部
2026/05/09（土）,08:18,18:34,10:16,PC-014,新栄不動産_売買部
2026/05/10（日）,08:18,18:10,09:52,PC-001,新栄総合管理_営業部
2026/05/10（日）,09:14,19:58,10:44,PC-015,新栄不動産_売買部
2026/05/11（月）,09:24,18:36,09:12,PC-001,新栄総合管理_営業部
2026/05/11（月）,09:05,18:05,09:00,PC-002,新栄総合管理_営業部
2026/05/11（月）,08:14,20:03,11:49,PC-003,新栄総合管理_営業部
2026/05/11（月）,08:07,20:03,11:56,PC-004,新栄総合管理_管理部
2026/05/11（月）,09:00,19:44,10:44,PC-005,新栄総合管理_管理部
2026/05/11（月）,08:07,20:34,12:27,PC-006,新栄総合管理_管理部
2026/05/11（月）,08:23,21:03,12:40,PC-007,新栄総合管理_システム課
2026/05/11（月）,09:27,23:14,13:47,PC-008,新栄総合管理_システム課
2026/05/11（月）,08:24,21:13,12:49,PC-009,新栄総合管理_システム課
2026/05/11（月）,09:22,19:34,10:12,PC-010,新栄不動産_賃貸部
2026/05/11（月）,09:26,20:11,10:45,PC-011,新栄不動産_賃貸部
2026/05/11（月）,08:00,20:59,12:59,PC-012,新栄不動産_賃貸部
2026/05/11（月）,09:20,18:01,08:41,PC-013,新栄不動産_売買部
2026/05/11（月）,08:04,18:48,10:44,PC-014,新栄不動産_売買部
2026/05/11（月）,08:14,18:49,10:35,PC-015,新栄不動産_売買部
2026/05/12（火）,09:15,20:02,10:47,PC-001,新栄総合管理_営業部
2026/05/12（火）,08:22,19:03,10:41,PC-002,新栄総合管理_営業部
2026/05/12（火）,09:17,18:03,08:46,PC-003,新栄総合管理_営業部
2026/05/12（火）,09:05,20:54,11:49,PC-004,新栄総合管理_管理部
2026/05/12（火）,09:23,19:21,09:58,PC-005,新栄総合管理_管理部
2026/05/12（火）,08:20,18:21,10:01,PC-006,新栄総合管理_管理部
2026/05/12（火）,08:12,23:18,15:06,PC-007,新栄総合管理_システム課
2026/05/12（火）,09:03,20:04,11:01,PC-008,新栄総合管理_システム課
2026/05/12（火）,09:22,22:25,13:03,PC-009,新栄総合管理_システム課
2026/05/12（火）,09:07,18:07,09:00,PC-010,新栄不動産_賃貸部
2026/05/12（火）,09:25,18:46,09:21,PC-011,新栄不動産_賃貸部
2026/05/12（火）,08:13,19:59,11:46,PC-012,新栄不動産_賃貸部
2026/05/12（火）,09:17,19:11,09:54,PC-013,新栄不動産_売買部
2026/05/12（火）,09:03,20:17,11:14,PC-014,新栄不動産_売買部
2026/05/12（火）,08:05,20:43,12:38,PC-015,新栄不動産_売買部
2026/05/13（水）,09:10,19:45,10:35,PC-001,新栄総合管理_営業部
2026/05/13（水）,09:29,18:28,08:59,PC-002,新栄総合管理_営業部
2026/05/13（水）,09:03,18:15,09:12,PC-003,新栄総合管理_営業部
2026/05/13（水）,08:05,19:04,10:59,PC-004,新栄総合管理_管理部
2026/05/13（水）,09:25,19:02,09:37,PC-005,新栄総合管理_管理部
2026/05/13（水）,09:21,19:28,10:07,PC-006,新栄総合管理_管理部
2026/05/13（水）,09:12,21:15,12:03,PC-007,新栄総合管理_システム課
2026/05/13（水）,09:24,20:01,10:37,PC-008,新栄総合管理_システム課
2026/05/13（水）,08:03,20:45,12:42,PC-009,新栄総合管理_システム課
2026/05/13（水）,08:27,19:48,11:21,PC-010,新栄不動産_賃貸部
2026/05/13（水）,09:17,19:14,09:57,PC-011,新栄不動産_賃貸部
2026/05/13（水）,09:03,18:47,09:44,PC-012,新栄不動産_賃貸部
2026/05/13（水）,08:11,19:40,11:29,PC-013,新栄不動産_売買部
2026/05/13（水）,09:07,18:04,08:57,PC-014,新栄不動産_売買部
2026/05/13（水）,08:06,20:45,12:39,PC-015,新栄不動産_売買部
2026/05/14（木）,09:06,19:44,10:38,PC-001,新栄総合管理_営業部
2026/05/14（木）,08:01,20:10,12:09,PC-002,新栄総合管理_営業部
2026/05/14（木）,09:27,19:35,10:08,PC-003,新栄総合管理_営業部
2026/05/14（木）,09:20,18:39,09:19,PC-004,新栄総合管理_管理部
2026/05/14（木）,09:12,19:47,10:35,PC-005,新栄総合管理_管理部
2026/05/14（木）,08:25,20:31,12:06,PC-006,新栄総合管理_管理部
2026/05/14（木）,08:23,20:27,12:04,PC-007,新栄総合管理_システム課
2026/05/14（木）,09:25,23:11,13:46,PC-008,新栄総合管理_システム課
2026/05/14（木）,08:26,21:38,13:12,PC-009,新栄総合管理_システム課
2026/05/14（木）,08:10,20:49,12:39,PC-010,新栄不動産_賃貸部
2026/05/14（木）,08:01,20:07,12:06,PC-011,新栄不動産_賃貸部
2026/05/14（木）,09:19,20:05,10:46,PC-012,新栄不動産_賃貸部
2026/05/14（木）,09:22,19:34,10:12,PC-013,新栄不動産_売買部
2026/05/14（木）,09:15,20:29,11:14,PC-014,新栄不動産_売買部
2026/05/14（木）,08:27,19:01,10:34,PC-015,新栄不動産_売買部
2026/05/15（金）,09:13,18:40,09:27,PC-001,新栄総合管理_営業部
2026/05/15（金）,08:24,19:32,11:08,PC-002,新栄総合管理_営業部
2026/05/15（金）,08:03,20:58,12:55,PC-003,新栄総合管理_営業部
2026/05/15（金）,08:25,20:00,11:35,PC-004,新栄総合管理_管理部
2026/05/15（金）,09:27,20:05,10:38,PC-005,新栄総合管理_管理部
2026/05/15（金）,09:09,20:51,11:42,PC-006,新栄総合管理_管理部
2026/05/15（金）,08:15,23:40,15:25,PC-007,新栄総合管理_システム課
2026/05/15（金）,09:14,23:19,14:05,PC-008,新栄総合管理_システム課
2026/05/15（金）,09:19,20:40,11:21,PC-009,新栄総合管理_システム課
2026/05/15（金）,09:20,19:40,10:20,PC-010,新栄不動産_賃貸部
2026/05/15（金）,09:03,18:57,09:54,PC-011,新栄不動産_賃貸部
2026/05/15（金）,09:28,20:15,10:47,PC-012,新栄不動産_賃貸部
2026/05/15（金）,08:23,18:36,10:13,PC-013,新栄不動産_売買部
2026/05/15（金）,08:20,19:11,10:51,PC-014,新栄不動産_売買部
2026/05/15（金）,08:16,20:48,12:32,PC-015,新栄不動産_売買部
2026/05/16（土）,09:21,22:57,13:36,PC-008,新栄総合管理_システム課
2026/05/17（日）,09:00,18:34,09:34,PC-001,新栄総合管理_営業部
2026/05/17（日）,08:19,20:07,11:48,PC-011,新栄不動産_賃貸部
2026/05/17（日）,09:00,18:16,09:16,PC-013,新栄不動産_売買部
2026/05/18（月）,08:16,19:11,10:55,PC-001,新栄総合管理_営業部
2026/05/18（月）,08:21,19:05,10:44,PC-002,新栄総合管理_営業部
2026/05/18（月）,08:20,18:52,10:32,PC-003,新栄総合管理_営業部
2026/05/18（月）,08:01,19:18,11:17,PC-004,新栄総合管理_管理部
2026/05/18（月）,08:18,19:19,11:01,PC-005,新栄総合管理_管理部
2026/05/18（月）,08:04,20:57,12:53,PC-006,新栄総合管理_管理部
2026/05/18（月）,08:01,23:39,15:38,PC-007,新栄総合管理_システム課
2026/05/18（月）,08:08,22:54,14:46,PC-008,新栄総合管理_システム課
2026/05/18（月）,08:22,23:11,14:49,PC-009,新栄総合管理_システム課
2026/05/18（月）,08:28,19:11,10:43,PC-010,新栄不動産_賃貸部
2026/05/18（月）,08:05,19:21,11:16,PC-011,新栄不動産_賃貸部
2026/05/18（月）,08:14,20:56,12:42,PC-012,新栄不動産_賃貸部
2026/05/18（月）,09:27,20:13,10:46,PC-013,新栄不動産_売買部
2026/05/18（月）,09:16,20:23,11:07,PC-014,新栄不動産_売買部
2026/05/18（月）,09:21,19:45,10:24,PC-015,新栄不動産_売買部
2026/05/19（火）,09:21,18:16,08:55,PC-001,新栄総合管理_営業部
2026/05/19（火）,09:09,20:21,11:12,PC-002,新栄総合管理_営業部
2026/05/19（火）,09:04,18:50,09:46,PC-003,新栄総合管理_営業部
2026/05/19（火）,08:06,20:19,12:13,PC-004,新栄総合管理_管理部
2026/05/19（火）,09:15,20:28,11:13,PC-005,新栄総合管理_管理部
2026/05/19（火）,08:19,18:33,10:14,PC-006,新栄総合管理_管理部
2026/05/19（火）,08:10,20:18,12:08,PC-007,新栄総合管理_システム課
2026/05/19（火）,08:14,21:01,12:47,PC-008,新栄総合管理_システム課
2026/05/19（火）,08:04,21:45,13:41,PC-009,新栄総合管理_システム課
2026/05/19（火）,09:26,18:01,08:35,PC-010,新栄不動産_賃貸部
2026/05/19（火）,09:04,19:22,10:18,PC-011,新栄不動産_賃貸部
2026/05/19（火）,08:03,18:38,10:35,PC-012,新栄不動産_賃貸部
2026/05/19（火）,08:08,19:45,11:37,PC-013,新栄不動産_売買部
2026/05/19（火）,09:23,19:42,10:19,PC-014,新栄不動産_売買部
2026/05/19（火）,09:14,20:51,11:37,PC-015,新栄不動産_売買部
2026/05/20（水）,08:10,20:59,12:49,PC-001,新栄総合管理_営業部
2026/05/20（水）,09:26,20:08,10:42,PC-002,新栄総合管理_営業部
2026/05/20（水）,09:20,18:51,09:31,PC-003,新栄総合管理_営業部
2026/05/20（水）,09:19,19:52,10:33,PC-004,新栄総合管理_管理部
2026/05/20（水）,08:10,19:37,11:27,PC-005,新栄総合管理_管理部
2026/05/20（水）,09:28,20:41,11:13,PC-006,新栄総合管理_管理部
2026/05/20（水）,09:27,20:18,10:51,PC-007,新栄総合管理_システム課
2026/05/20（水）,08:19,23:47,15:28,PC-008,新栄総合管理_システム課
2026/05/20（水）,09:11,20:32,11:21,PC-009,新栄総合管理_システム課
2026/05/20（水）,08:11,18:52,10:41,PC-010,新栄不動産_賃貸部
2026/05/20（水）,09:07,18:51,09:44,PC-011,新栄不動産_賃貸部
2026/05/20（水）,09:07,19:16,10:09,PC-012,新栄不動産_賃貸部
2026/05/20（水）,08:25,19:49,11:24,PC-013,新栄不動産_売買部
2026/05/20（水）,09:27,18:26,08:59,PC-014,新栄不動産_売買部
2026/05/20（水）,08:17,18:02,09:45,PC-015,新栄不動産_売買部
2026/05/21（木）,09:22,18:31,09:09,PC-001,新栄総合管理_営業部
2026/05/21（木）,08:05,19:30,11:25,PC-002,新栄総合管理_営業部
2026/05/21（木）,08:07,18:33,10:26,PC-003,新栄総合管理_営業部
2026/05/21（木）,09:09,18:38,09:29,PC-004,新栄総合管理_管理部
2026/05/21（木）,08:29,20:20,11:51,PC-005,新栄総合管理_管理部
2026/05/21（木）,08:20,18:21,10:01,PC-006,新栄総合管理_管理部
2026/05/21（木）,09:29,21:01,11:32,PC-007,新栄総合管理_システム課
2026/05/21（木）,09:04,23:49,14:45,PC-008,新栄総合管理_システム課
2026/05/21（木）,08:03,20:25,12:22,PC-009,新栄総合管理_システム課
2026/05/21（木）,08:02,20:51,12:49,PC-010,新栄不動産_賃貸部
2026/05/21（木）,08:25,18:06,09:41,PC-011,新栄不動産_賃貸部
2026/05/21（木）,08:29,19:19,10:50,PC-012,新栄不動産_賃貸部
2026/05/21（木）,08:06,18:15,10:09,PC-013,新栄不動産_売買部
2026/05/21（木）,09:04,20:00,10:56,PC-014,新栄不動産_売買部
2026/05/21（木）,09:02,20:56,11:54,PC-015,新栄不動産_売買部
2026/05/22（金）,08:22,20:33,12:11,PC-001,新栄総合管理_営業部
2026/05/22（金）,08:08,18:05,09:57,PC-002,新栄総合管理_営業部
2026/05/22（金）,08:04,19:21,11:17,PC-003,新栄総合管理_営業部
2026/05/22（金）,08:25,20:53,12:28,PC-004,新栄総合管理_管理部
2026/05/22（金）,08:02,20:07,12:05,PC-005,新栄総合管理_管理部
2026/05/22（金）,09:16,20:16,11:00,PC-006,新栄総合管理_管理部
2026/05/22（金）,09:04,22:29,13:25,PC-007,新栄総合管理_システム課
2026/05/22（金）,09:06,21:31,12:25,PC-008,新栄総合管理_システム課
2026/05/22（金）,08:00,21:42,13:42,PC-009,新栄総合管理_システム課
2026/05/22（金）,08:23,18:17,09:54,PC-010,新栄不動産_賃貸部
2026/05/22（金）,09:01,19:49,10:48,PC-011,新栄不動産_賃貸部
2026/05/22（金）,09:24,18:06,08:42,PC-012,新栄不動産_賃貸部
2026/05/22（金）,08:01,19:28,11:27,PC-013,新栄不動産_売買部
2026/05/22（金）,09:02,18:24,09:22,PC-014,新栄不動産_売買部
2026/05/22（金）,09:09,19:02,09:53,PC-015,新栄不動産_売買部
2026/05/23（土）,09:01,18:32,09:31,PC-005,新栄総合管理_管理部
2026/05/24（日）,08:12,18:59,10:47,PC-003,新栄総合管理_営業部
2026/05/24（日）,08:02,20:20,12:18,PC-006,新栄総合管理_管理部
2026/05/24（日）,08:02,22:13,14:11,PC-008,新栄総合管理_システム課
2026/05/24（日）,09:20,19:15,09:55,PC-014,新栄不動産_売買部
2026/05/25（月）,09:24,19:45,10:21,PC-001,新栄総合管理_営業部
2026/05/25（月）,08:26,18:44,10:18,PC-002,新栄総合管理_営業部
2026/05/25（月）,08:13,18:38,10:25,PC-003,新栄総合管理_営業部
2026/05/25（月）,09:06,20:00,10:54,PC-004,新栄総合管理_管理部
2026/05/25（月）,09:00,19:38,10:38,PC-005,新栄総合管理_管理部
2026/05/25（月）,09:01,19:25,10:24,PC-006,新栄総合管理_管理部
2026/05/25（月）,08:25,23:32,15:07,PC-007,新栄総合管理_システム課
2026/05/25（月）,09:19,21:44,12:25,PC-008,新栄総合管理_システム課
2026/05/25（月）,08:22,23:13,14:51,PC-009,新栄総合管理_システム課
2026/05/25（月）,08:16,19:58,11:42,PC-010,新栄不動産_賃貸部
2026/05/25（月）,08:25,19:24,10:59,PC-011,新栄不動産_賃貸部
2026/05/25（月）,09:00,20:42,11:42,PC-012,新栄不動産_賃貸部
2026/05/25（月）,09:00,20:40,11:40,PC-013,新栄不動産_売買部
2026/05/25（月）,08:09,19:44,11:35,PC-014,新栄不動産_売買部
2026/05/25（月）,08:27,18:03,09:36,PC-015,新栄不動産_売買部
2026/05/26（火）,09:22,19:28,10:06,PC-001,新栄総合管理_営業部
2026/05/26（火）,08:18,19:58,11:40,PC-002,新栄総合管理_営業部
2026/05/26（火）,08:10,18:23,10:13,PC-003,新栄総合管理_営業部
2026/05/26（火）,08:05,20:48,12:43,PC-004,新栄総合管理_管理部
2026/05/26（火）,09:16,18:04,08:48,PC-005,新栄総合管理_管理部
2026/05/26（火）,09:00,20:45,11:45,PC-006,新栄総合管理_管理部
2026/05/26（火）,09:23,22:05,12:42,PC-007,新栄総合管理_システム課
2026/05/26（火）,09:00,23:22,14:22,PC-008,新栄総合管理_システム課
2026/05/26（火）,08:07,20:42,12:35,PC-009,新栄総合管理_システム課
2026/05/26（火）,09:12,20:48,11:36,PC-010,新栄不動産_賃貸部
2026/05/26（火）,09:15,20:28,11:13,PC-011,新栄不動産_賃貸部
2026/05/26（火）,09:13,20:36,11:23,PC-012,新栄不動産_賃貸部
2026/05/26（火）,08:24,18:08,09:44,PC-013,新栄不動産_売買部
2026/05/26（火）,08:18,19:46,11:28,PC-014,新栄不動産_売買部
2026/05/26（火）,09:27,19:26,09:59,PC-015,新栄不動産_売買部
2026/05/27（水）,08:04,20:57,12:53,PC-001,新栄総合管理_営業部
2026/05/27（水）,09:27,20:03,10:36,PC-002,新栄総合管理_営業部
2026/05/27（水）,09:28,18:02,08:34,PC-003,新栄総合管理_営業部
2026/05/27（水）,09:27,19:06,09:39,PC-004,新栄総合管理_管理部
2026/05/27（水）,09:20,20:59,11:39,PC-005,新栄総合管理_管理部
2026/05/27（水）,09:19,19:56,10:37,PC-006,新栄総合管理_管理部
2026/05/27（水）,09:09,21:29,12:20,PC-007,新栄総合管理_システム課
2026/05/27（水）,08:10,22:23,14:13,PC-008,新栄総合管理_システム課
2026/05/27（水）,08:24,20:35,12:11,PC-009,新栄総合管理_システム課
2026/05/27（水）,08:28,18:30,10:02,PC-010,新栄不動産_賃貸部
2026/05/27（水）,08:04,19:42,11:38,PC-011,新栄不動産_賃貸部
2026/05/27（水）,09:13,20:34,11:21,PC-012,新栄不動産_賃貸部
2026/05/27（水）,09:18,19:43,10:25,PC-013,新栄不動産_売買部
2026/05/27（水）,09:02,20:30,11:28,PC-014,新栄不動産_売買部
2026/05/27（水）,08:24,18:18,09:54,PC-015,新栄不動産_売買部
2026/05/28（木）,08:22,19:34,11:12,PC-001,新栄総合管理_営業部
2026/05/28（木）,08:07,20:16,12:09,PC-002,新栄総合管理_営業部
2026/05/28（木）,09:27,19:26,09:59,PC-003,新栄総合管理_営業部
2026/05/28（木）,09:27,19:36,10:09,PC-004,新栄総合管理_管理部
2026/05/28（木）,08:29,20:35,12:06,PC-005,新栄総合管理_管理部
2026/05/28（木）,09:20,19:43,10:23,PC-006,新栄総合管理_管理部
2026/05/28（木）,08:19,23:18,14:59,PC-007,新栄総合管理_システム課
2026/05/28（木）,09:22,23:46,14:24,PC-008,新栄総合管理_システム課
2026/05/28（木）,08:06,21:14,13:08,PC-009,新栄総合管理_システム課
2026/05/28（木）,09:14,18:00,08:46,PC-010,新栄不動産_賃貸部
2026/05/28（木）,08:00,19:05,11:05,PC-011,新栄不動産_賃貸部
2026/05/28（木）,08:03,19:00,10:57,PC-012,新栄不動産_賃貸部
2026/05/28（木）,08:18,18:51,10:33,PC-013,新栄不動産_売買部
2026/05/28（木）,09:03,19:09,10:06,PC-014,新栄不動産_売買部
2026/05/28（木）,08:27,18:48,10:21,PC-015,新栄不動産_売買部
2026/05/29（金）,08:22,20:42,12:20,PC-001,新栄総合管理_営業部
2026/05/29（金）,09:01,18:08,09:07,PC-002,新栄総合管理_営業部
2026/05/29（金）,09:12,18:42,09:30,PC-003,新栄総合管理_営業部
2026/05/29（金）,09:16,20:55,11:39,PC-004,新栄総合管理_管理部
2026/05/29（金）,08:04,18:26,10:22,PC-005,新栄総合管理_管理部
2026/05/29（金）,08:12,18:12,10:00,PC-006,新栄総合管理_管理部
2026/05/29（金）,09:27,21:55,12:28,PC-007,新栄総合管理_システム課
2026/05/29（金）,08:05,20:09,12:04,PC-008,新栄総合管理_システム課
2026/05/29（金）,09:21,21:37,12:16,PC-009,新栄総合管理_システム課
2026/05/29（金）,09:19,20:03,10:44,PC-010,新栄不動産_賃貸部
2026/05/29（金）,09:05,18:42,09:37,PC-011,新栄不動産_賃貸部
2026/05/29（金）,08:04,19:50,11:46,PC-012,新栄不動産_賃貸部
2026/05/29（金）,09:02,20:13,11:11,PC-013,新栄不動産_売買部
2026/05/29（金）,08:01,19:32,11:31,PC-014,新栄不動産_売買部
2026/05/29（金）,09:25,20:49,11:24,PC-015,新栄不動産_売買部
2026/05/31（日）,09:09,18:00,08:51,PC-004,新栄総合管理_管理部
2026/05/31（日）,08:09,19:11,11:02,PC-006,新栄総合管理_管理部
2026/05/31（日）,08:28,23:35,15:07,PC-007,新栄総合管理_システム課
2026/05/31（日）,08:24,19:51,11:27,PC-010,新栄不動産_賃貸部
2026/05/31（日）,09:25,18:31,09:06,PC-013,新栄不動産_売買部
2026/06/01（月）,08:23,20:51,12:28,PC-001,新栄総合管理_営業部
2026/06/01（月）,08:19,18:52,10:33,PC-002,新栄総合管理_営業部
2026/06/01（月）,09:28,18:15,08:47,PC-003,新栄総合管理_営業部
2026/06/01（月）,09:20,20:41,11:21,PC-004,新栄総合管理_管理部
2026/06/01（月）,09:13,20:19,11:06,PC-005,新栄総合管理_管理部
2026/06/01（月）,09:11,20:04,10:53,PC-006,新栄総合管理_管理部
2026/06/01（月）,09:06,21:58,12:52,PC-007,新栄総合管理_システム課
2026/06/01（月）,08:05,21:26,13:21,PC-008,新栄総合管理_システム課
2026/06/01（月）,08:19,22:14,13:55,PC-009,新栄総合管理_システム課
2026/06/01（月）,08:00,19:10,11:10,PC-010,新栄不動産_賃貸部
2026/06/01（月）,09:27,20:35,11:08,PC-011,新栄不動産_賃貸部
2026/06/01（月）,09:25,19:08,09:43,PC-012,新栄不動産_賃貸部
2026/06/01（月）,08:02,18:49,10:47,PC-013,新栄不動産_売買部
2026/06/01（月）,08:06,18:51,10:45,PC-014,新栄不動産_売買部
2026/06/01（月）,08:07,18:03,09:56,PC-015,新栄不動産_売買部
2026/06/02（火）,09:21,18:43,09:22,PC-001,新栄総合管理_営業部
2026/06/02（火）,08:05,18:38,10:33,PC-002,新栄総合管理_営業部
2026/06/02（火）,09:16,18:32,09:16,PC-003,新栄総合管理_営業部
2026/06/02（火）,08:01,20:15,12:14,PC-004,新栄総合管理_管理部
2026/06/02（火）,09:02,18:33,09:31,PC-005,新栄総合管理_管理部
2026/06/02（火）,09:27,20:27,11:00,PC-006,新栄総合管理_管理部
2026/06/02（火）,08:28,20:20,11:52,PC-007,新栄総合管理_システム課
2026/06/02（火）,09:05,22:08,13:03,PC-008,新栄総合管理_システム課
2026/06/02（火）,08:09,23:38,15:29,PC-009,新栄総合管理_システム課
2026/06/02（火）,09:25,19:19,09:54,PC-010,新栄不動産_賃貸部
2026/06/02（火）,09:03,20:55,11:52,PC-011,新栄不動産_賃貸部
2026/06/02（火）,08:05,20:10,12:05,PC-012,新栄不動産_賃貸部
2026/06/02（火）,09:07,20:52,11:45,PC-013,新栄不動産_売買部
2026/06/02（火）,08:10,18:51,10:41,PC-014,新栄不動産_売買部
2026/06/02（火）,09:18,18:13,08:55,PC-015,新栄不動産_売買部
2026/06/03（水）,09:02,18:41,09:39,PC-001,新栄総合管理_営業部
2026/06/03（水）,09:24,19:36,10:12,PC-002,新栄総合管理_営業部
2026/06/03（水）,08:14,20:16,12:02,PC-003,新栄総合管理_営業部
2026/06/03（水）,09:22,19:45,10:23,PC-004,新栄総合管理_管理部
2026/06/03（水）,09:07,18:28,09:21,PC-005,新栄総合管理_管理部
2026/06/03（水）,09:06,18:17,09:11,PC-006,新栄総合管理_管理部
2026/06/03（水）,08:09,23:32,15:23,PC-007,新栄総合管理_システム課
2026/06/03（水）,09:11,23:03,13:52,PC-008,新栄総合管理_システム課
2026/06/03（水）,08:28,22:12,13:44,PC-009,新栄総合管理_システム課
2026/06/03（水）,09:15,20:42,11:27,PC-010,新栄不動産_賃貸部
2026/06/03（水）,09:23,18:13,08:50,PC-011,新栄不動産_賃貸部
2026/06/03（水）,09:14,20:13,10:59,PC-012,新栄不動産_賃貸部
2026/06/03（水）,09:25,19:22,09:57,PC-013,新栄不動産_売買部
2026/06/03（水）,08:00,18:21,10:21,PC-014,新栄不動産_売買部
2026/06/03（水）,09:10,18:24,09:14,PC-015,新栄不動産_売買部
2026/06/04（木）,08:11,18:05,09:54,PC-001,新栄総合管理_営業部
2026/06/04（木）,09:18,19:00,09:42,PC-002,新栄総合管理_営業部
2026/06/04（木）,09:13,18:10,08:57,PC-003,新栄総合管理_営業部
2026/06/04（木）,08:15,19:26,11:11,PC-004,新栄総合管理_管理部
2026/06/04（木）,09:02,20:14,11:12,PC-005,新栄総合管理_管理部
2026/06/04（木）,08:12,18:12,10:00,PC-006,新栄総合管理_管理部
2026/06/04（木）,08:23,20:36,12:13,PC-007,新栄総合管理_システム課
2026/06/04（木）,09:07,23:53,14:46,PC-008,新栄総合管理_システム課
2026/06/04（木）,08:20,23:17,14:57,PC-009,新栄総合管理_システム課
2026/06/04（木）,09:09,20:44,11:35,PC-010,新栄不動産_賃貸部
2026/06/04（木）,08:13,20:44,12:31,PC-011,新栄不動産_賃貸部
2026/06/04（木）,09:16,19:51,10:35,PC-012,新栄不動産_賃貸部
2026/06/04（木）,08:19,20:21,12:02,PC-013,新栄不動産_売買部
2026/06/04（木）,08:29,20:37,12:08,PC-014,新栄不動産_売買部
2026/06/04（木）,09:26,19:56,10:30,PC-015,新栄不動産_売買部
2026/06/05（金）,08:10,20:34,12:24,PC-001,新栄総合管理_営業部
2026/06/05（金）,09:19,18:59,09:40,PC-002,新栄総合管理_営業部
2026/06/05（金）,09:17,19:16,09:59,PC-003,新栄総合管理_営業部
2026/06/05（金）,08:18,18:15,09:57,PC-004,新栄総合管理_管理部
2026/06/05（金）,08:19,20:19,12:00,PC-005,新栄総合管理_管理部
2026/06/05（金）,09:27,20:14,10:47,PC-006,新栄総合管理_管理部
2026/06/05（金）,08:11,22:01,13:50,PC-007,新栄総合管理_システム課
2026/06/05（金）,09:26,23:43,14:17,PC-008,新栄総合管理_システム課
2026/06/05（金）,08:20,23:55,15:35,PC-009,新栄総合管理_システム課
2026/06/05（金）,09:07,20:30,11:23,PC-010,新栄不動産_賃貸部
2026/06/05（金）,08:22,19:07,10:45,PC-011,新栄不動産_賃貸部
2026/06/05（金）,08:28,20:57,12:29,PC-012,新栄不動産_賃貸部
2026/06/05（金）,08:29,20:57,12:28,PC-013,新栄不動産_売買部
2026/06/05（金）,09:12,20:55,11:43,PC-014,新栄不動産_売買部
2026/06/05（金）,09:19,19:43,10:24,PC-015,新栄不動産_売買部
2026/06/06（土）,09:14,18:22,09:08,PC-012,新栄不動産_賃貸部
2026/06/06（土）,09:25,20:48,11:23,PC-015,新栄不動産_売買部
2026/06/07（日）,08:06,20:56,12:50,PC-014,新栄不動産_売買部
2026/06/07（日）,08:11,19:03,10:52,PC-015,新栄不動産_売買部
2026/06/08（月）,09:18,18:55,09:37,PC-001,新栄総合管理_営業部
2026/06/08（月）,09:00,19:40,10:40,PC-002,新栄総合管理_営業部
2026/06/08（月）,08:18,18:11,09:53,PC-003,新栄総合管理_営業部
2026/06/08（月）,08:27,19:22,10:55,PC-004,新栄総合管理_管理部
2026/06/08（月）,09:21,20:46,11:25,PC-005,新栄総合管理_管理部
2026/06/08（月）,09:22,20:57,11:35,PC-006,新栄総合管理_管理部
2026/06/08（月）,08:14,20:38,12:24,PC-007,新栄総合管理_システム課
2026/06/08（月）,08:25,20:35,12:10,PC-008,新栄総合管理_システム課
2026/06/08（月）,09:13,23:26,14:13,PC-009,新栄総合管理_システム課
2026/06/08（月）,08:16,19:54,11:38,PC-010,新栄不動産_賃貸部
2026/06/08（月）,08:03,19:57,11:54,PC-011,新栄不動産_賃貸部
2026/06/08（月）,08:03,20:58,12:55,PC-012,新栄不動産_賃貸部
2026/06/08（月）,09:22,19:03,09:41,PC-013,新栄不動産_売買部
2026/06/08（月）,09:06,18:31,09:25,PC-014,新栄不動産_売買部
2026/06/08（月）,08:19,18:47,10:28,PC-015,新栄不動産_売買部
2026/06/09（火）,09:10,19:06,09:56,PC-001,新栄総合管理_営業部
2026/06/09（火）,09:22,19:39,10:17,PC-002,新栄総合管理_営業部
2026/06/09（火）,09:00,18:23,09:23,PC-003,新栄総合管理_営業部
2026/06/09（火）,08:27,20:43,12:16,PC-004,新栄総合管理_管理部
2026/06/09（火）,08:16,18:27,10:11,PC-005,新栄総合管理_管理部
2026/06/09（火）,09:21,20:21,11:00,PC-006,新栄総合管理_管理部
2026/06/09（火）,09:24,21:58,12:34,PC-007,新栄総合管理_システム課
2026/06/09（火）,09:21,23:36,14:15,PC-008,新栄総合管理_システム課
2026/06/09（火）,08:08,20:33,12:25,PC-009,新栄総合管理_システム課
2026/06/09（火）,09:01,18:57,09:56,PC-010,新栄不動産_賃貸部
2026/06/09（火）,08:07,19:15,11:08,PC-011,新栄不動産_賃貸部
2026/06/09（火）,08:02,19:43,11:41,PC-012,新栄不動産_賃貸部
2026/06/09（火）,08:18,20:23,12:05,PC-013,新栄不動産_売買部
2026/06/09（火）,09:01,19:00,09:59,PC-014,新栄不動産_売買部
2026/06/09（火）,09:26,19:32,10:06,PC-015,新栄不動産_売買部
2026/06/10（水）,08:02,19:04,11:02,PC-001,新栄総合管理_営業部
2026/06/10（水）,09:24,18:54,09:30,PC-002,新栄総合管理_営業部
2026/06/10（水）,09:27,18:19,08:52,PC-003,新栄総合管理_営業部
2026/06/10（水）,08:28,18:55,10:27,PC-004,新栄総合管理_管理部
2026/06/10（水）,09:01,19:18,10:17,PC-005,新栄総合管理_管理部
2026/06/10（水）,08:19,18:52,10:33,PC-006,新栄総合管理_管理部
2026/06/10（水）,09:12,20:42,11:30,PC-007,新栄総合管理_システム課
2026/06/10（水）,09:19,20:06,10:47,PC-008,新栄総合管理_システム課
2026/06/10（水）,09:09,20:56,11:47,PC-009,新栄総合管理_システム課
2026/06/10（水）,09:26,18:25,08:59,PC-010,新栄不動産_賃貸部
2026/06/10（水）,08:00,19:37,11:37,PC-011,新栄不動産_賃貸部
2026/06/10（水）,08:27,20:35,12:08,PC-012,新栄不動産_賃貸部
2026/06/10（水）,09:21,20:17,10:56,PC-013,新栄不動産_売買部
2026/06/10（水）,09:12,18:05,08:53,PC-014,新栄不動産_売買部
2026/06/10（水）,09:05,20:18,11:13,PC-015,新栄不動産_売買部
2026/06/11（木）,09:00,18:51,09:51,PC-001,新栄総合管理_営業部
2026/06/11（木）,09:20,19:22,10:02,PC-002,新栄総合管理_営業部
2026/06/11（木）,08:14,18:13,09:59,PC-003,新栄総合管理_営業部
2026/06/11（木）,09:23,20:39,11:16,PC-004,新栄総合管理_管理部
2026/06/11（木）,09:27,18:12,08:45,PC-005,新栄総合管理_管理部
2026/06/11（木）,09:12,19:36,10:24,PC-006,新栄総合管理_管理部
2026/06/11（木）,08:04,21:40,13:36,PC-007,新栄総合管理_システム課
2026/06/11（木）,08:00,21:25,13:25,PC-008,新栄総合管理_システム課
2026/06/11（木）,09:13,21:55,12:42,PC-009,新栄総合管理_システム課
2026/06/11（木）,09:29,20:20,10:51,PC-010,新栄不動産_賃貸部
2026/06/11（木）,09:09,19:27,10:18,PC-011,新栄不動産_賃貸部
2026/06/11（木）,09:02,19:06,10:04,PC-012,新栄不動産_賃貸部
2026/06/11（木）,09:05,18:50,09:45,PC-013,新栄不動産_売買部
2026/06/11（木）,08:02,20:51,12:49,PC-014,新栄不動産_売買部
2026/06/11（木）,09:22,19:39,10:17,PC-015,新栄不動産_売買部
2026/06/12（金）,09:06,18:15,09:09,PC-001,新栄総合管理_営業部
2026/06/12（金）,08:22,20:17,11:55,PC-002,新栄総合管理_営業部
2026/06/12（金）,09:10,19:09,09:59,PC-003,新栄総合管理_営業部
2026/06/12（金）,09:22,18:26,09:04,PC-004,新栄総合管理_管理部
2026/06/12（金）,08:12,19:58,11:46,PC-005,新栄総合管理_管理部
2026/06/12（金）,08:21,20:45,12:24,PC-006,新栄総合管理_管理部
2026/06/12（金）,08:22,22:40,14:18,PC-007,新栄総合管理_システム課
2026/06/12（金）,09:22,22:37,13:15,PC-008,新栄総合管理_システム課
2026/06/12（金）,08:22,20:34,12:12,PC-009,新栄総合管理_システム課
2026/06/12（金）,09:07,18:07,09:00,PC-010,新栄不動産_賃貸部
2026/06/12（金）,09:21,20:34,11:13,PC-011,新栄不動産_賃貸部
2026/06/12（金）,09:06,19:39,10:33,PC-012,新栄不動産_賃貸部
2026/06/12（金）,08:09,18:29,10:20,PC-013,新栄不動産_売買部
2026/06/12（金）,08:25,20:57,12:32,PC-014,新栄不動産_売買部
2026/06/12（金）,08:21,20:26,12:05,PC-015,新栄不動産_売買部
2026/06/13（土）,08:17,18:20,10:03,PC-003,新栄総合管理_営業部
2026/06/14（日）,09:25,19:07,09:42,PC-002,新栄総合管理_営業部
2026/06/14（日）,09:27,19:32,10:05,PC-003,新栄総合管理_営業部
2026/06/14（日）,09:02,19:42,10:40,PC-013,新栄不動産_売買部
2026/06/15（月）,08:25,20:45,12:20,PC-001,新栄総合管理_営業部
2026/06/15（月）,09:27,20:28,11:01,PC-002,新栄総合管理_営業部
2026/06/15（月）,08:02,18:28,10:26,PC-003,新栄総合管理_営業部
2026/06/15（月）,08:22,18:24,10:02,PC-004,新栄総合管理_管理部
2026/06/15（月）,09:08,18:48,09:40,PC-005,新栄総合管理_管理部
2026/06/15（月）,09:20,18:49,09:29,PC-006,新栄総合管理_管理部
2026/06/15（月）,08:06,22:15,14:09,PC-007,新栄総合管理_システム課
2026/06/15（月）,08:20,22:19,13:59,PC-008,新栄総合管理_システム課
2026/06/15（月）,09:07,23:00,13:53,PC-009,新栄総合管理_システム課
2026/06/15（月）,09:20,19:14,09:54,PC-010,新栄不動産_賃貸部
2026/06/15（月）,09:19,20:20,11:01,PC-011,新栄不動産_賃貸部
2026/06/15（月）,09:19,19:19,10:00,PC-012,新栄不動産_賃貸部
2026/06/15（月）,09:05,19:59,10:54,PC-013,新栄不動産_売買部
2026/06/15（月）,09:05,19:39,10:34,PC-014,新栄不動産_売買部
2026/06/15（月）,09:04,19:57,10:53,PC-015,新栄不動産_売買部
2026/06/16（火）,08:17,18:27,10:10,PC-001,新栄総合管理_営業部
2026/06/16（火）,09:25,18:59,09:34,PC-002,新栄総合管理_営業部
2026/06/16（火）,08:18,20:30,12:12,PC-003,新栄総合管理_営業部
2026/06/16（火）,09:09,20:12,11:03,PC-004,新栄総合管理_管理部
2026/06/16（火）,08:29,18:31,10:02,PC-005,新栄総合管理_管理部
2026/06/16（火）,08:08,19:55,11:47,PC-006,新栄総合管理_管理部
2026/06/16（火）,09:06,20:29,11:23,PC-007,新栄総合管理_システム課
2026/06/16（火）,09:08,20:13,11:05,PC-008,新栄総合管理_システム課
2026/06/16（火）,09:27,20:27,11:00,PC-009,新栄総合管理_システム課
2026/06/16（火）,09:14,19:42,10:28,PC-010,新栄不動産_賃貸部
2026/06/16（火）,09:26,20:29,11:03,PC-011,新栄不動産_賃貸部
2026/06/16（火）,08:29,18:56,10:27,PC-012,新栄不動産_賃貸部
2026/06/16（火）,08:03,20:21,12:18,PC-013,新栄不動産_売買部
2026/06/16（火）,09:13,20:27,11:14,PC-014,新栄不動産_売買部
2026/06/16（火）,08:06,18:40,10:34,PC-015,新栄不動産_売買部
2026/06/17（水）,08:28,18:19,09:51,PC-001,新栄総合管理_営業部
2026/06/17（水）,09:04,19:38,10:34,PC-002,新栄総合管理_営業部
2026/06/17（水）,08:20,18:11,09:51,PC-003,新栄総合管理_営業部
2026/06/17（水）,08:21,18:42,10:21,PC-004,新栄総合管理_管理部
2026/06/17（水）,08:24,19:47,11:23,PC-005,新栄総合管理_管理部
2026/06/17（水）,09:17,20:27,11:10,PC-006,新栄総合管理_管理部
2026/06/17（水）,08:15,20:45,12:30,PC-007,新栄総合管理_システム課
2026/06/17（水）,08:29,22:31,14:02,PC-008,新栄総合管理_システム課
2026/06/17（水）,09:09,20:43,11:34,PC-009,新栄総合管理_システム課
2026/06/17（水）,09:00,19:43,10:43,PC-010,新栄不動産_賃貸部
2026/06/17（水）,08:24,19:21,10:57,PC-011,新栄不動産_賃貸部
2026/06/17（水）,09:22,19:06,09:44,PC-012,新栄不動産_賃貸部
2026/06/17（水）,09:09,20:18,11:09,PC-013,新栄不動産_売買部
2026/06/17（水）,08:27,18:44,10:17,PC-014,新栄不動産_売買部
2026/06/17（水）,09:24,19:20,09:56,PC-015,新栄不動産_売買部
2026/06/18（木）,08:24,19:43,11:19,PC-001,新栄総合管理_営業部
2026/06/18（木）,09:22,20:53,11:31,PC-002,新栄総合管理_営業部
2026/06/18（木）,08:28,19:00,10:32,PC-003,新栄総合管理_営業部
2026/06/18（木）,08:09,19:31,11:22,PC-004,新栄総合管理_管理部
2026/06/18（木）,08:02,18:37,10:35,PC-005,新栄総合管理_管理部
2026/06/18（木）,08:21,18:01,09:40,PC-006,新栄総合管理_管理部
2026/06/18（木）,09:10,20:55,11:45,PC-007,新栄総合管理_システム課
2026/06/18（木）,09:02,21:12,12:10,PC-008,新栄総合管理_システム課
2026/06/18（木）,09:00,21:48,12:48,PC-009,新栄総合管理_システム課
2026/06/18（木）,08:21,20:42,12:21,PC-010,新栄不動産_賃貸部
2026/06/18（木）,08:15,18:49,10:34,PC-011,新栄不動産_賃貸部
2026/06/18（木）,08:26,18:43,10:17,PC-012,新栄不動産_賃貸部
2026/06/18（木）,08:23,19:40,11:17,PC-013,新栄不動産_売買部
2026/06/18（木）,08:15,20:31,12:16,PC-014,新栄不動産_売買部
2026/06/18（木）,09:05,20:14,11:09,PC-015,新栄不動産_売買部
2026/06/19（金）,08:01,18:17,10:16,PC-001,新栄総合管理_営業部
2026/06/19（金）,08:22,19:12,10:50,PC-002,新栄総合管理_営業部
2026/06/19（金）,08:17,18:53,10:36,PC-003,新栄総合管理_営業部
2026/06/19（金）,09:20,19:11,09:51,PC-004,新栄総合管理_管理部
2026/06/19（金）,08:27,20:18,11:51,PC-005,新栄総合管理_管理部
2026/06/19（金）,08:16,19:36,11:20,PC-006,新栄総合管理_管理部
2026/06/19（金）,09:28,21:21,11:53,PC-007,新栄総合管理_システム課
2026/06/19（金）,09:14,20:55,11:41,PC-008,新栄総合管理_システム課
2026/06/19（金）,08:29,21:51,13:22,PC-009,新栄総合管理_システム課
2026/06/19（金）,09:04,19:19,10:15,PC-010,新栄不動産_賃貸部
2026/06/19（金）,09:26,19:29,10:03,PC-011,新栄不動産_賃貸部
2026/06/19（金）,09:00,20:31,11:31,PC-012,新栄不動産_賃貸部
2026/06/19（金）,09:03,20:56,11:53,PC-013,新栄不動産_売買部
2026/06/19（金）,08:11,20:31,12:20,PC-014,新栄不動産_売買部
2026/06/19（金）,09:17,19:53,10:36,PC-015,新栄不動産_売買部
2026/06/20（土）,09:04,18:49,09:45,PC-002,新栄総合管理_営業部
2026/06/20（土）,08:24,20:50,12:26,PC-003,新栄総合管理_営業部
2026/06/20（土）,08:03,19:18,11:15,PC-004,新栄総合管理_管理部
2026/06/20（土）,08:23,20:48,12:25,PC-005,新栄総合管理_管理部
2026/06/20（土）,09:05,20:09,11:04,PC-009,新栄総合管理_システム課
2026/06/20（土）,08:27,20:07,11:40,PC-010,新栄不動産_賃貸部
2026/06/21（日）,08:23,20:58,12:35,PC-004,新栄総合管理_管理部
2026/06/21（日）,08:07,19:27,11:20,PC-005,新栄総合管理_管理部
2026/06/21（日）,09:29,22:37,13:08,PC-007,新栄総合管理_システム課
2026/06/22（月）,09:11,20:09,10:58,PC-001,新栄総合管理_営業部
2026/06/22（月）,08:23,19:49,11:26,PC-002,新栄総合管理_営業部
2026/06/22（月）,09:03,18:18,09:15,PC-003,新栄総合管理_営業部
2026/06/22（月）,08:10,20:53,12:43,PC-004,新栄総合管理_管理部
2026/06/22（月）,08:06,19:26,11:20,PC-005,新栄総合管理_管理部
2026/06/22（月）,08:27,20:43,12:16,PC-006,新栄総合管理_管理部
2026/06/22（月）,09:28,20:55,11:27,PC-007,新栄総合管理_システム課
2026/06/22（月）,08:21,22:14,13:53,PC-008,新栄総合管理_システム課
2026/06/22（月）,09:26,21:25,11:59,PC-009,新栄総合管理_システム課
2026/06/22（月）,08:09,20:18,12:09,PC-010,新栄不動産_賃貸部
2026/06/22（月）,09:17,19:39,10:22,PC-011,新栄不動産_賃貸部
2026/06/22（月）,08:24,18:15,09:51,PC-012,新栄不動産_賃貸部
2026/06/22（月）,09:28,18:47,09:19,PC-013,新栄不動産_売買部
2026/06/22（月）,08:15,18:21,10:06,PC-014,新栄不動産_売買部
2026/06/22（月）,08:21,18:02,09:41,PC-015,新栄不動産_売買部
2026/06/23（火）,08:15,20:39,12:24,PC-001,新栄総合管理_営業部
2026/06/23（火）,09:24,20:29,11:05,PC-002,新栄総合管理_営業部
2026/06/23（火）,08:08,20:07,11:59,PC-003,新栄総合管理_営業部
2026/06/23（火）,09:24,20:10,10:46,PC-004,新栄総合管理_管理部
2026/06/23（火）,08:00,20:22,12:22,PC-005,新栄総合管理_管理部
2026/06/23（火）,09:18,18:13,08:55,PC-006,新栄総合管理_管理部
2026/06/23（火）,08:05,23:29,15:24,PC-007,新栄総合管理_システム課
2026/06/23（火）,09:10,22:57,13:47,PC-008,新栄総合管理_システム課
2026/06/23（火）,08:19,23:48,15:29,PC-009,新栄総合管理_システム課
2026/06/23（火）,08:12,18:38,10:26,PC-010,新栄不動産_賃貸部
2026/06/23（火）,08:13,20:39,12:26,PC-011,新栄不動産_賃貸部
2026/06/23（火）,08:19,18:30,10:11,PC-012,新栄不動産_賃貸部
2026/06/23（火）,09:22,20:10,10:48,PC-013,新栄不動産_売買部
2026/06/23（火）,08:11,20:19,12:08,PC-014,新栄不動産_売買部
2026/06/23（火）,09:14,20:28,11:14,PC-015,新栄不動産_売買部
2026/06/24（水）,08:00,20:56,12:56,PC-001,新栄総合管理_営業部
2026/06/24（水）,09:18,19:33,10:15,PC-002,新栄総合管理_営業部
2026/06/24（水）,08:06,19:00,10:54,PC-003,新栄総合管理_営業部
2026/06/24（水）,09:23,20:15,10:52,PC-004,新栄総合管理_管理部
2026/06/24（水）,08:25,19:02,10:37,PC-005,新栄総合管理_管理部
2026/06/24（水）,08:23,19:55,11:32,PC-006,新栄総合管理_管理部
2026/06/24（水）,08:07,21:25,13:18,PC-007,新栄総合管理_システム課
2026/06/24（水）,09:21,21:56,12:35,PC-008,新栄総合管理_システム課
2026/06/24（水）,09:22,20:56,11:34,PC-009,新栄総合管理_システム課
2026/06/24（水）,09:08,18:53,09:45,PC-010,新栄不動産_賃貸部
2026/06/24（水）,09:07,20:56,11:49,PC-011,新栄不動産_賃貸部
2026/06/24（水）,09:22,18:07,08:45,PC-012,新栄不動産_賃貸部
2026/06/24（水）,09:15,18:08,08:53,PC-013,新栄不動産_売買部
2026/06/24（水）,09:05,18:37,09:32,PC-014,新栄不動産_売買部
2026/06/24（水）,09:12,19:31,10:19,PC-015,新栄不動産_売買部
2026/06/25（木）,09:27,18:20,08:53,PC-001,新栄総合管理_営業部
2026/06/25（木）,09:07,20:50,11:43,PC-002,新栄総合管理_営業部
2026/06/25（木）,08:15,20:43,12:28,PC-003,新栄総合管理_営業部
2026/06/25（木）,08:07,20:23,12:16,PC-004,新栄総合管理_管理部
2026/06/25（木）,08:17,20:22,12:05,PC-005,新栄総合管理_管理部
2026/06/25（木）,08:19,20:11,11:52,PC-006,新栄総合管理_管理部
2026/06/25（木）,09:25,23:00,13:35,PC-007,新栄総合管理_システム課
2026/06/25（木）,08:03,20:07,12:04,PC-008,新栄総合管理_システム課
2026/06/25（木）,09:17,23:41,14:24,PC-009,新栄総合管理_システム課
2026/06/25（木）,08:25,19:38,11:13,PC-010,新栄不動産_賃貸部
2026/06/25（木）,08:29,20:16,11:47,PC-011,新栄不動産_賃貸部
2026/06/25（木）,08:13,20:01,11:48,PC-012,新栄不動産_賃貸部
2026/06/25（木）,09:24,20:42,11:18,PC-013,新栄不動産_売買部
2026/06/25（木）,09:17,19:30,10:13,PC-014,新栄不動産_売買部
2026/06/25（木）,09:22,20:36,11:14,PC-015,新栄不動産_売買部
2026/06/26（金）,08:07,18:39,10:32,PC-001,新栄総合管理_営業部
2026/06/26（金）,08:24,20:45,12:21,PC-002,新栄総合管理_営業部
2026/06/26（金）,08:28,19:56,11:28,PC-003,新栄総合管理_営業部
2026/06/26（金）,09:28,19:38,10:10,PC-004,新栄総合管理_管理部
2026/06/26（金）,09:17,18:06,08:49,PC-005,新栄総合管理_管理部
2026/06/26（金）,08:29,20:16,11:47,PC-006,新栄総合管理_管理部
2026/06/26（金）,08:05,23:08,15:03,PC-007,新栄総合管理_システム課
2026/06/26（金）,09:13,20:11,10:58,PC-008,新栄総合管理_システム課
2026/06/26（金）,09:23,21:16,11:53,PC-009,新栄総合管理_システム課
2026/06/26（金）,09:29,20:10,10:41,PC-010,新栄不動産_賃貸部
2026/06/26（金）,08:28,18:36,10:08,PC-011,新栄不動産_賃貸部
2026/06/26（金）,09:04,20:17,11:13,PC-012,新栄不動産_賃貸部
2026/06/26（金）,09:00,20:12,11:12,PC-013,新栄不動産_売買部
2026/06/26（金）,09:10,18:54,09:44,PC-014,新栄不動産_売買部
2026/06/26（金）,08:15,18:22,10:07,PC-015,新栄不動産_売買部
2026/06/27（土）,08:28,22:53,14:25,PC-009,新栄総合管理_システム課
2026/06/27（土）,09:21,20:46,11:25,PC-010,新栄不動産_賃貸部
2026/06/27（土）,08:23,18:31,10:08,PC-015,新栄不動産_売買部
2026/06/28（日）,08:24,18:56,10:32,PC-004,新栄総合管理_管理部
2026/06/28（日）,09:08,18:29,09:21,PC-011,新栄不動産_賃貸部
2026/06/29（月）,08:01,18:02,10:01,PC-001,新栄総合管理_営業部
2026/06/29（月）,09:26,18:55,09:29,PC-002,新栄総合管理_営業部
2026/06/29（月）,09:03,18:10,09:07,PC-003,新栄総合管理_営業部
2026/06/29（月）,09:20,20:48,11:28,PC-004,新栄総合管理_管理部
2026/06/29（月）,08:29,18:19,09:50,PC-005,新栄総合管理_管理部
2026/06/29（月）,09:09,19:56,10:47,PC-006,新栄総合管理_管理部
2026/06/29（月）,08:08,20:16,12:08,PC-007,新栄総合管理_システム課
2026/06/29（月）,08:02,20:49,12:47,PC-008,新栄総合管理_システム課
2026/06/29（月）,09:01,21:51,12:50,PC-009,新栄総合管理_システム課
2026/06/29（月）,09:02,18:16,09:14,PC-010,新栄不動産_賃貸部
2026/06/29（月）,09:08,20:58,11:50,PC-011,新栄不動産_賃貸部
2026/06/29（月）,09:17,18:58,09:41,PC-012,新栄不動産_賃貸部
2026/06/29（月）,08:08,18:26,10:18,PC-013,新栄不動産_売買部
2026/06/29（月）,08:15,20:53,12:38,PC-014,新栄不動産_売買部
2026/06/29（月）,08:27,19:39,11:12,PC-015,新栄不動産_売買部
2026/06/30（火）,09:17,18:40,09:23,PC-001,新栄総合管理_営業部
2026/06/30（火）,08:13,18:01,09:48,PC-002,新栄総合管理_営業部
2026/06/30（火）,08:03,18:05,10:02,PC-003,新栄総合管理_営業部
2026/06/30（火）,09:19,19:25,10:06,PC-004,新栄総合管理_管理部
2026/06/30（火）,08:06,20:39,12:33,PC-005,新栄総合管理_管理部
2026/06/30（火）,08:12,18:43,10:31,PC-006,新栄総合管理_管理部
2026/06/30（火）,09:16,21:25,12:09,PC-007,新栄総合管理_システム課
2026/06/30（火）,08:19,23:25,15:06,PC-008,新栄総合管理_システム課
2026/06/30（火）,08:09,22:27,14:18,PC-009,新栄総合管理_システム課
2026/06/30（火）,09:22,19:41,10:19,PC-010,新栄不動産_賃貸部
2026/06/30（火）,09:18,19:15,09:57,PC-011,新栄不動産_賃貸部
2026/06/30（火）,08:15,19:48,11:33,PC-012,新栄不動産_賃貸部
2026/06/30（火）,08:04,18:48,10:44,PC-013,新栄不動産_売買部
2026/06/30（火）,08:04,20:57,12:53,PC-014,新栄不動産_売買部
2026/06/30（火）,09:12,18:20,09:08,PC-015,新栄不動産_売買部
